Category,Name,Density [kg/m^3],Poisson's Ratio,Young's Modulus [Pa],Tensile Yield Strength [Pa],Ultimate Tensile Strength [Pa],Compressive Yield Strength [Pa],Ultimate Compressive Strength [Pa]
Ceramic,Alumina Oxide,3848,0.22,3.7E+11,0,300000000,0,0
Ceramic,Brick,1765,0.212,22100000000,0,0,33000000,0
Ceramic,Concrete,2300,0.2,30000000000,0,0,87000000,0
Ceramic,Ferrite,4872,0,0,0,50000000,0,0
Ceramic,Porcelain,2403,0.17,1.04E+11,0,0,590000000,0
Ceramic,Silicon Carbide,3100,0.14,4.1E+11,0,0,4600000000,0
Ceramic,Silicon Nitride,3211,0.25,2.9E+11,0,0,0,0
Ceramic,Zirconia,6062,0.33,1.86E+11,0,551000000,3000000000,0
Composite,Carbon fiber epoxy (61%),1600,0,0,0,0,0,0
Composite,FR-4,1850,0,0,0,0,0,0
Composite,Foamcore,663,0,0,0,0,0,0
Composite,Glass-filled epoxy (35%),1900,0,0,0,0,0,0
Composite,Glass-filled nylon (35%),1600,0,0,0,0,0,0
Composite,Glass-filled polyester (35%),2000,0,0,0,0,0,0
Composite,Kevlar epoxy (53%),1350,0,0,0,0,0,0
Composite,Polyetherimide ,1270,0,0,0,0,0,0
Composite,S-glass epoxy (45%),1800,0,0,0,0,0,0
Earth,Graphite,1716,0,0,0,0,0,0
Glass,Glass,2500,0,0,0,0,0,0
Metal,300 Series Stainless Steel,7850,0.29,1.93E+11,207000000,517000000,0,0
Metal,400 Series Stainless Steel,7720,0.282,2E+11,585000000,758000000,0,0
Metal,A2 Stainless Steel,8030,0.29,1.93E+11,207000000,517000000,0,0
Metal,A4 Stainless Steel,7990,0.29,1.93E+11,207000000,517000000,0,0
Metal,Alnico,7391,0,0,0,0,0,0
Metal,Aluminum,2700,0.33,68900000000,27600000,68900000,0,0
Metal,Aluminum - 1060,2700,0.33,68900000000,27600000,68900000,0,0
Metal,Aluminum - 1100,2720,0.33,68900000000,34500000,89600000,0,0
Metal,Aluminum - 2024,2780,0.32,72400000000,276000000,427000000,0,0
Metal,Aluminum - 356,2685,0.33,70300000000,138000000,207000000,0,0
Metal,Aluminum - 380,2768,0.33,71000000000,159000000,317000000,0,0
Metal,Aluminum - 5052,2680,0.33,70000000000,159000000,214000000,0,0
Metal,Aluminum - 6061,2720,0.35,68900000000,241000000,290000000,0,0
Metal,Aluminum - 7050,2800,0.33,71700000000,469000000,524000000,0,0
Metal,Aluminum - 7075,2810,0.33,71700000000,455000000,531000000,0,0
Metal,Aluminum - 7178,2830,0.33,71700000000,538000000,607000000,530000000,0
Metal,Aluminum bronze (3-10% Al),8200,0.316,1.1E+11,205000000,515000000,0,940000000
Metal,Aluminum foil,2725,0,0,0,0,0,0
Metal,Antimony,6690,0,0,0,0,0,0
Metal,Babbitt,7272,0,0,0,0,0,0
Metal,Beryllium,1840,0.07,3.03E+11,240000000,370000000,270000000,0
Metal,Beryllium copper,8175,0.3,1.15E+11,221000000,483000000,0,0
Metal,Brass,8490,0.318,1.06E+11,255000000,430000000,144000000,0
Metal,Brass - casting,8550,0.357,1.05E+11,195000000,490000000,165000000,545000000
Metal,Brass - rolled and drawn,8580,0.311,97000000000,124000000,325000000,0,0
Metal,Brass 60/40,8520,0.35,1.05E+11,140000000,360000000,0,0
Metal,Bronze (8-14% Sn),8150,0.34,1.05E+11,150000000,305000000,0,0
Metal,Bronze - lead,8200,0.28,1.15E+11,83000000,255000000,0,0
Metal,Bronze - phosphorous,8850,0.34,1.1E+11,131000000,324000000,0,0
Metal,Cadmium,8640,0.33,55200000000,0,75000000,0,0
Metal,Calcium,1540,0.31,23400000000,13700000,40000000,0,0
Metal,Carbon Steel,7850,0.29,2.03E+11,685000000,987000000,0,0
Metal,Cast iron,6975,0.287,1.47E+11,428000000,497000000,1020000000,0
Metal,Chromium,7197,0.2,2.48E+11,362000000,413000000,0,0
Metal,Cobalt,8746,0.32,2.11E+11,225000000,800000000,0,0
Metal,Copper,8940,0.343,1.1E+11,33300000,210000000,0,0
Metal,Cupronickel,8924,0.325,1.52E+11,103000000,359000000,0,0
Metal,Ductile Iron,7086,0.283,1.54E+11,501000000,689000000,1260000000,0
Metal,Duralumin,2790,0.33,73100000000,345000000,483000000,0,0
Metal,Gold,19320,0.42,77200000000,0,120000000,0,0
Metal,Hardened Alloy Steel,7850,0.285,2E+11,415000000,655000000,0,0
Metal,Hardened Carbon Steel,7850,0.292,2E+11,896000000,1120000000,2160000000,0
Metal,Hardened Stainless Steel,7740,0.29,1.93E+11,965000000,1280000000,0,0
Metal,Iridium,22650,0,0,0,0,0,0
Metal,Iron,7850,0.291,2E+11,50000000,540000000,0,0
Metal,Lead,11349,0.42,14000000000,5500000,18000000,0,0
Metal,Light alloy based on Al,2680,0.327,77400000000,278000000,344000000,95700000,0
Metal,Light alloy based on Mg,1815,0.337,45200000000,165000000,247000000,180000000,0
Metal,Lithium,534,0,0,0,0,0,0
Metal,Magnesium,1738,0,0,0,0,0,0
Metal,Manganese,7440,0,0,0,0,0,0
Metal,Manganese Bronze,8359,0.34,1.05E+11,460000000,820000000,0,0
Metal,"Maple, Hard",720,0,0,0,0,0,0
Metal,"Maple, Soft",620,0,0,0,0,0,0
Metal,Mercury,13593,0,0,0,0,0,0
Metal,Molybdenum,10214,0,0,0,0,0,0
Metal,Neodymium,7007,0.281,41400000000,165000000,170000000,0,0
Metal,Nichrome,8400,0.2925,1.98E+11,335000000,715000000,0,0
Metal,Nickel,8908,0.31,2.07E+11,59000000,317000000,0,0
Metal,Nickel 20,8090,0.31,1.93E+11,300000000,620000000,0,0
Metal,Nickel 200,8890,0.31,1.8E+11,148000000,462000000,0,0
Metal,Nickel silver,8650,0.33,1.25E+11,186000000,414000000,0,0
Metal,Palladium,12160,0.39,1.17E+11,0,180000000,0,0
Metal,Phosphor Bronze 510,8850,0.34,1.1E+11,131000000,324000000,0,0
Metal,Phosphor bronze,8900,0.34,1.1E+11,165000000,379000000,0,0
Metal,Platinum,21400,0.39,1.71E+11,70000000,145000000,0,0
Metal,Plutonium,19816,0.18,96500000000,275000000,400000000,415000000,830000000
Metal,Red Brass,8746,0.307,1.15E+11,270000000,345000000,0,0
Metal,Silicon Iron,7750,0,0,90000000,0,690000000,0
Metal,Silver,10490,0.37,76000000000,45000000,140000000,0,0
Metal,Sodium,971,0,0,0,0,0,0
Metal,Solder 50/50 Pb Sn,8885,0,0,0,0,0,0
Metal,Stainless Steel,7740,0.29,1.93E+11,207000000,517000000,0,0
Metal,Stainless Steel 17-4,7750,0.272,1.97E+11,723000000,931000000,0,0
Metal,Stainless Steel 18-8,8030,0.29,1.93E+11,207000000,517000000,0,0
Metal,Stainless Steel 2205,7820,0.3,1.9E+11,485000000,655000000,0,0
Metal,Stainless Steel 303,8000,0.25,1.93E+11,241000000,621000000,0,0
Metal,Stainless Steel 304,8030,0.29,1.93E+11,207000000,517000000,0,0
Metal,Stainless Steel 316,7990,0.29,1.93E+11,207000000,517000000,0,0
Metal,Stainless Steel 416,7800,0.282,2E+11,585000000,758000000,0,0
Metal,Steel,7850,0.29,2E+11,180000000,325000000,0,0
Metal,Steel 1010,7870,0.29,2E+11,180000000,325000000,0,0
Metal,Steel 1020,7870,0.29,2.05E+11,205000000,380000000,0,0
Metal,Steel 4130,7850,0.29,2.05E+11,435000000,670000000,0,0
Metal,Steel 4340,7850,0.29,1.92E+11,470000000,745000000,0,0
Metal,Steel 8620,7850,0.29,2.05E+11,393000000,669000000,0,0
Metal,Steel ASTM A194 Grade 2H,7850,0.29,2E+11,1030000000,1210000000,0,0
Metal,Steel ASTM A285 Grade C,7850,0.29,2E+11,205000000,380000000,0,0
Metal,Steel ASTM A325 Type 1,7850,0.29,2E+11,1030000000,1210000000,0,0
Metal,Steel ASTM A36,7861,0.26,2E+11,248000000,400000000,0,0
Metal,Steel ASTM A490 Type 1,7850,0.29,2E+11,1030000000,1210000000,0,0
Metal,Steel ASTM A490 Type 3,7850,0.29,2E+11,1030000000,1210000000,0,0
Metal,Steel ASTM A563 Grade A,7850,0.3,2E+11,310000000,414000000,0,0
Metal,Steel ASTM A563 Grade DH,7850,0.3,2E+11,758000000,862000000,0,0
Metal,Steel Class 10.9,7850,0.3,2.1E+11,940000000,1040000000,0,0
Metal,Steel Class 12.9,7850,0.3,2.1E+11,1100000000,1220000000,0,0
Metal,Steel Class 4.8,7850,0.3,2.1E+11,240000000,400000000,0,0
Metal,Steel Class 5.8,7850,0.3,2.1E+11,300000000,500000000,0,0
Metal,Steel Class 8.8,7850,0.3,2.1E+11,640000000,800000000,0,0
Metal,Steel Grade 2,7850,0.29,2E+11,248000000,414000000,0,0
Metal,Steel Grade 5,7850,0.29,2E+11,558000000,724000000,0,0
Metal,Steel Grade 8,7850,0.29,2E+11,896000000,1030000000,0,0
Metal,Tin,7280,0,0,0,0,0,0
Metal,Titanium,4500,0.34,1.16E+11,140000000,220000000,0,0
Metal,Titanium Grade 2,4500,0.37,1.05E+11,275000000,344000000,0,0
Metal,Titanium Grade 5,4500,0.342,1.14E+11,880000000,950000000,970000000,0
Metal,Titanium Grade 7,4500,0.37,1.05E+11,275000000,344000000,0,0
Metal,Tungsten,19600,0.28,4E+11,750000000,980000000,0,0
Metal,White metal,7100,0.35,53000000000,30000000,63000000,30300000,88600000
Metal,Wrought Iron,7750,0.278,1.93E+11,190000000,303000000,0,0
Metal,Yellow Brass,8470,0.34,1.05E+11,345000000,420000000,0,0
Metal,Zinc,7135,0.331,96500000000,0,37000000,0,0
Plastic,ABS,1052,0.364,2310000000,44800000,40400000,0,0
Plastic,ABS M30,1040,0.35,2300000000,30000000,25000000,90000000,0
Plastic,Acetal (Delrin),1356,0.363,2660000000,59500000,57600000,60100000,0
Plastic,Acrylic,1163,0.35,2940000000,60500000,64900000,0,0
Plastic,GPPS,1041,0.4,2900000000,32500000,44000000,90000000,0
Plastic,HDPE (High-Density Polyethylene),941,0.46,959000000,25900000,26900000,0,0
Plastic,Nylon ,1180,0.39,2950000000,71700000,75200000,66800000,0
Plastic,PC/ABS,1100,0.353,2640000000,56400000,54700000,0,0
Plastic,PEEK (Polyether Ether Ketone),1320,0.4,3930000000,98100000,99700000,0,0
Plastic,PET,1380,0.37,3140000000,61800000,44400000,50600000,0
Plastic,PETG,1301,0.4,2590000000,47300000,40600000,0,0
Plastic,PLA,1250,0.39,2340000000,40000000,64500000,0,0
Plastic,PPO,1050,0.38,2660000000,51000000,52100000,0,0
Plastic,PTFE,2200,0.46,599000000,131000000,25600000,7310000,0
Plastic,PVC,1467,0.4,2800000000,42600000,23400000,0,0
Plastic,Phenolic ,1600,0.24,7000000000,0,53200000,206000000,0
Plastic,Polycarbonate,1190,0.37,2360000000,63300000,66200000,65700000,0
Plastic,Polyester ,1390,0.3,4030000000,0,51800000,0,0
Plastic,Polypropylene,913,0.43,1470000000,32600000,74600000,10000000,0
Plastic,"Polystyrene, High-Impact",1100,0.41,1900000000,19300000,32000000,0,0
Plastic,Polyurethane,1200,0.41,167000000,12900000,23600000,414000,0
Plastic,Teflon,2159,0.46,599000000,131000000,25600000,7310000,0
Plastic,ULTEM,1270,0.377,7480000000,114000000,126000000,173000000,0
Rubber,Butyl,1350,0,0,0,0,0,0
Rubber,Ethylene Propylene Diene Monomer (EPDM),860,0,0,0,0,0,0
Rubber,Fluoroelastomer (FKM),1810,0,0,0,0,0,0
Rubber,Neoprene,1384,0,0,0,0,0,0
Rubber,Nitrile,1350,0,0,0,0,0,0
Rubber,Silicone Rubber,1100,0,0,0,0,0,0
"Wood, Composite",High Density Fiberboard (HDF),880,0,0,0,0,0,0
"Wood, Composite",Medium Density Fiberboard (MDF),710,0,0,0,0,0,0
Wood,"Ash, White",660,0,0,0,0,0,0
Wood,Balsa,160,0,0,0,0,0,0
Wood,Basswood,420,0,0,0,0,0,0
Wood,"Beech, European",720,0,0,0,0,0,0
Wood,Birch,700,0,0,0,0,0,0
Wood,"Cedar, Western Red",370,0,0,0,0,0,0
Wood,"Cherry, Black",580,0,0,0,0,0,0
Wood,Cocobolo,1040,0,0,0,0,0,0
Wood,Cork,240,0,0,0,0,0,0
Wood,Douglas Fir,520,0,0,0,0,0,0
Wood,"Ebony, African",1000,0,0,0,0,0,0
Wood,"Elm, American",560,0,0,0,0,0,0
Wood,Hickory,820,0,0,0,0,0,0
Wood,Lignum Vitae (Ironwood),1310,0,0,0,0,0,0
Wood,"Mahogany, Honduran",640,0,0,0,0,0,0
Wood,"Oak, Red",770,0,0,0,0,0,0
Wood,"Oak, White",770,0,0,0,0,0,0
Wood,Padauk,720,0,0,0,0,0,0
Wood,Poplar,450,0,0,0,0,0,0
Wood,Purpleheart,930,0,0,0,0,0,0
Wood,Redwood,420,0,0,0,0,0,0
Wood,"Rosewood, Brazilian",850,0,0,0,0,0,0
Wood,"Rosewood, East Indian",830,0,0,0,0,0,0
Wood,"Rosewood, Honduran",940,0,0,0,0,0,0
Wood,"Spruce, Sitka",420,0,0,0,0,0,0
Wood,Teak,640,0,0,0,0,0,0
Wood,"Walnut, Black",640,0,0,0,0,0,0
